{
    "MAE": 44.68207704100132,
    "RMSE": 135.56793644232783,
    "R2": -0.11413901625868261,
    "sMAPE": 176.7809213223479
}