{
    "model": "mlp",
    "horizon": 60,
    "metrics": {
        "MAE": 44.68207704100132,
        "RMSE": 135.56793644232783,
        "R2": -0.11413901625868261,
        "sMAPE": 176.7809213223479
    },
    "log_transform": true,
    "meta": {
        "training_rows": 100000,
        "capped_from": 2276226,
        "n_iter": 32
    }
}