{
    "MAE": 64.3131330125346,
    "RMSE": 163.76905586713704,
    "R2": -0.18232818409724083,
    "sMAPE": 68.77945561967786
}