{
    "MAE": 64.33554675494516,
    "RMSE": 163.74889134577776,
    "R2": -0.18203704711723123,
    "sMAPE": 162.6372493536194
}