{
    "MAE": 104.34153747558594,
    "RMSE": 208.25927537867312,
    "R\u00b2": -7.152557373046875e-07
}