{
    "model": "svr",
    "horizon": 60,
    "metrics": {
        "MAE": 44.2620485047376,
        "RMSE": 135.84671070915007,
        "R2": -0.11872583285888583,
        "sMAPE": 153.49791987705072
    },
    "log_transform": true,
    "meta": {
        "training_subset": 50000
    }
}