{
    "horizon_k": 300,
    "log_transform": true,
    "random_seed": 42,
    "max_svr_rows": 50000,
    "max_lr_mlp_rows": 100000,
    "n_test_sequences": 401338,
    "completed_at": "2026-04-13T15:04:26.470628",
    "metrics": {
        "linear_regression": {
            "MAE": 64.31413052494901,
            "RMSE": 163.76774640263864,
            "R2": -0.18230927685515264,
            "sMAPE": 85.68905051773568
        },
        "svr": {
            "MAE": 64.3131330125346,
            "RMSE": 163.76905586713704,
            "R2": -0.18232818409724083,
            "sMAPE": 68.77945561967786
        },
        "xgboost": {
            "MAE": 64.31389700174009,
            "RMSE": 163.76776893607263,
            "R2": -0.18230960221213488,
            "sMAPE": 83.23643539824592
        },
        "mlp": {
            "MAE": 64.33554675494516,
            "RMSE": 163.74889134577776,
            "R2": -0.18203704711723123,
            "sMAPE": 162.6372493536194
        }
    }
}