Model,MAE,RMSE,R2,sMAPE
svr,64.3131330125346,163.76905586713704,-0.18232818409724083,68.77945561967786
xgboost,64.31389700174009,163.76776893607263,-0.18230960221213488,83.23643539824592
linear_regression,64.31413052494901,163.76774640263864,-0.18230927685515264,85.68905051773568
mlp,64.33554675494516,163.74889134577776,-0.18203704711723123,162.6372493536194
