{
    "MAE": 64.31343765932172,
    "RMSE": 163.76828928535593,
    "R2": -0.18231711547235152,
    "sMAPE": 76.86092157488768
}