{
    "horizon_k": 300,
    "max_power_watts": 1000,
    "max_plausible_kwh": 83.33333333333333,
    "n_test_total": 401338,
    "n_test_clean": 339448,
    "n_artefacts_removed": 61890,
    "pct_artefacts": 15.4209,
    "metrics_full_test": {
        "MAE": 64.3108796275424,
        "RMSE": 163.7650272477143,
        "R2": -0.18230855470052143,
        "sMAPE": 76.85959356785588
    },
    "metrics_clean_subset": {
        "MAE": 0.002964044571591545,
        "RMSE": 0.0032802954852378515,
        "R2": -0.26517385840311825,
        "sMAPE": 54.41006346994235
    },
    "model_path": "D:\\pipeline5_2\\results\\nioa_drnn\\k300_seq120_20260410_080632\\model\\NiOA_DRNN_k300.h5",
    "note": "metrics_clean_subset reports performance on the physically plausible subset of the test set (energy increment \u2264 83.33 kWh for k=300s at 1000W max). metrics_full_test includes all samples including counter-reset artefacts that dominate the error. Both are reported for transparency."
}