{
    "horizon_k": 1800,
    "log_transform": true,
    "random_seed": 42,
    "max_svr_rows": 50000,
    "max_lr_mlp_rows": 100000,
    "n_test_sequences": 398101,
    "completed_at": "2026-04-13T16:07:27.354939",
    "metrics": {
        "linear_regression": {
            "MAE": 72.77290755117268,
            "RMSE": 174.1924414993236,
            "R2": -0.21124838879609076,
            "sMAPE": 72.46892709697335
        },
        "svr": {
            "MAE": 72.76999966078083,
            "RMSE": 174.19616158453024,
            "R2": -0.21130012462674874,
            "sMAPE": 63.63265197618292
        },
        "xgboost": {
            "MAE": 72.77346487901113,
            "RMSE": 174.1917179789855,
            "R2": -0.2112383268092881,
            "sMAPE": 73.94652233496672
        },
        "mlp": {
            "MAE": 72.78567174951928,
            "RMSE": 174.21279414652193,
            "R2": -0.21153144988750205,
            "sMAPE": 149.619046870468
        }
    }
}