Model,MAE,RMSE,R2,sMAPE
svr,72.76999966078083,174.19616158453024,-0.21130012462674874,63.63265197618292
linear_regression,72.77290755117268,174.1924414993236,-0.21124838879609076,72.46892709697335
xgboost,72.77346487901113,174.1917179789855,-0.2112383268092881,73.94652233496672
mlp,72.78567174951928,174.21279414652193,-0.21153144988750205,149.619046870468
