{
    "horizon_k": 60,
    "log_transform": true,
    "random_seed": 42,
    "max_svr_rows": 50000,
    "max_lr_mlp_rows": 100000,
    "n_test_sequences": 401610,
    "completed_at": "2026-04-13T14:38:57.502902",
    "metrics": {
        "linear_regression": {
            "MAE": 44.25986563597951,
            "RMSE": 135.8479368861972,
            "R2": -0.11874602859453498,
            "sMAPE": 130.43616547896102
        },
        "svr": {
            "MAE": 44.2620485047376,
            "RMSE": 135.84671070915007,
            "R2": -0.11872583285888583,
            "sMAPE": 153.49791987705072
        },
        "xgboost": {
            "MAE": 44.25979646052884,
            "RMSE": 135.84774772260423,
            "R2": -0.11874291296575268,
            "sMAPE": 112.29570722080892
        },
        "mlp": {
            "MAE": 44.68207704100132,
            "RMSE": 135.56793644232783,
            "R2": -0.11413901625868261,
            "sMAPE": 176.7809213223479
        }
    }
}