Model,MAE,RMSE,R2,sMAPE
xgboost,44.25979646052884,135.84774772260423,-0.11874291296575268,112.29570722080892
linear_regression,44.25986563597951,135.8479368861972,-0.11874602859453498,130.43616547896102
svr,44.2620485047376,135.84671070915007,-0.11872583285888583,153.49791987705072
mlp,44.68207704100132,135.56793644232783,-0.11413901625868261,176.7809213223479
