{
    "MAE": 44.2596383530409,
    "RMSE": 135.84782373617784,
    "R2": -0.11874416495074347,
    "sMAPE": 107.23554878483313
}