{
    "MAE": 67.16400255980375,
    "RMSE": 167.337208349298,
    "R2": -0.1919235744994956,
    "sMAPE": 157.7144691993268
}