{
    "MAE": 67.14654713160924,
    "RMSE": 167.33346262322377,
    "R2": -0.19187021434980944,
    "sMAPE": 62.19939000262033
}