{
    "lstm_layers": 3,
    "units": 64,
    "dropout": 0.4116848299685229,
    "optimizer": "adamw",
    "learning_rate": 0.00043561562281182976,
    "batch_size": 32
}