{
    "MAE": 64.3190689086914,
    "RMSE": 163.78136030811015,
    "R2": -0.18230915069580078,
    "sMAPE": 81.83900713920593
}