{
    "MAE": 64.31413052494901,
    "RMSE": 163.76774640263864,
    "R2": -0.18230927685515264,
    "sMAPE": 85.68905051773568
}