{
    "MAE": 72.78567174951928,
    "RMSE": 174.21279414652193,
    "R2": -0.21153144988750205,
    "sMAPE": 149.619046870468
}