{
    "model": "linear_regression",
    "horizon": 1800,
    "metrics": {
        "MAE": 72.77290755117268,
        "RMSE": 174.1924414993236,
        "R2": -0.21124838879609076,
        "sMAPE": 72.46892709697335
    },
    "log_transform": true,
    "meta": {
        "training_rows": 100000,
        "capped_from": 2256344
    }
}