{
    "MAE": 72.76999966078083,
    "RMSE": 174.19616158453024,
    "R2": -0.21130012462674874,
    "sMAPE": 63.63265197618292
}