{
    "horizon_k": 900,
    "log_transform": true,
    "random_seed": 42,
    "max_svr_rows": 50000,
    "max_lr_mlp_rows": 100000,
    "n_test_sequences": 401227,
    "completed_at": "2026-04-13T15:41:21.677694",
    "metrics": {
        "linear_regression": {
            "MAE": 67.14947746786336,
            "RMSE": 167.33066696666052,
            "R2": -0.1918303892974793,
            "sMAPE": 77.36124721901659
        },
        "svr": {
            "MAE": 67.14654713160924,
            "RMSE": 167.33346262322377,
            "R2": -0.19187021434980944,
            "sMAPE": 62.19939000262033
        },
        "xgboost": {
            "MAE": 67.14949875446801,
            "RMSE": 167.33060233129746,
            "R2": -0.1918294685532258,
            "sMAPE": 78.0140191200968
        },
        "mlp": {
            "MAE": 67.16400255980375,
            "RMSE": 167.337208349298,
            "R2": -0.1919235744994956,
            "sMAPE": 157.7144691993268
        }
    }
}