Model,MAE,RMSE,R2,sMAPE
svr,67.14654713160924,167.33346262322377,-0.19187021434980944,62.19939000262033
linear_regression,67.14947746786336,167.33066696666052,-0.1918303892974793,77.36124721901659
xgboost,67.14949875446801,167.33060233129746,-0.1918294685532258,78.0140191200968
mlp,67.16400255980375,167.337208349298,-0.1919235744994956,157.7144691993268
