{
    "MAE": 67.14648716919963,
    "RMSE": 167.33392144556893,
    "R2": -0.19187675048941988,
    "sMAPE": 61.0223339011984
}