{
    "MAE": 67.15131378173828,
    "RMSE": 167.34641396105565,
    "R2": -0.19187963008880615,
    "sMAPE": 60.01574397087097
}