{
    "MAE": 67.14947746786336,
    "RMSE": 167.33066696666052,
    "R2": -0.1918303892974793,
    "sMAPE": 77.36124721901659
}