{
    "model": "linear_regression",
    "horizon": 900,
    "metrics": {
        "MAE": 67.14947746786336,
        "RMSE": 167.33066696666052,
        "R2": -0.1918303892974793,
        "sMAPE": 77.36124721901659
    },
    "log_transform": true,
    "meta": {
        "training_rows": 100000,
        "capped_from": 2274055
    }
}