{
    "MAE": 44.26849365234375,
    "RMSE": 135.8750646848972,
    "R2": -0.1187443733215332,
    "sMAPE": 106.97263479232788
}