{
    "MAE": 67.14949875446801,
    "RMSE": 167.33060233129746,
    "R2": -0.1918294685532258,
    "sMAPE": 78.0140191200968
}